Participant,Slope_Happy,Slope_Neutral,Slope_Sad
sub004,0.00104473379906267,0.00465515302494168,0.00150819926057011
sub006,0.00136698444839567,0.00055112421978265,-0.000546509225387126
