Participant,Slope,Emotion
sub004,0.00104473379906267,Happy
sub004,0.00150819926057011,Sad
sub004,0.00465515302494168,Neutral
sub004,0.00104473379906267,Happy
sub004,0.00150819926057011,Sad
sub004,0.00465515302494168,Neutral
sub006,0.00136698444839567,Happy
sub006,-0.000546509225387126,Sad
sub006,0.00055112421978265,Neutral
sub006,0.00136698444839567,Happy
sub006,-0.000546509225387126,Sad
sub006,0.00055112421978265,Neutral
